<?xml version="1.0" encoding="UTF-8"?><module codename="dk.sdu.mmmi.cbse.Asteroid_NetBeans1.branding">
    <module_version install_time="1585164774635" last="true" origin="installer" specification_version="1.0.1">
        <file crc="1239407743" name="config/Modules/dk-sdu-mmmi-cbse-Asteroid_NetBeans1-branding.xml"/>
        <file crc="3227712907" name="core/locale/core_asteroidnetbeans1.jar"/>
        <file crc="3377813660" name="modules/dk-sdu-mmmi-cbse-Asteroid_NetBeans1-branding.jar"/>
        <file crc="3342294176" name="modules/locale/org-netbeans-core-windows_asteroidnetbeans1.jar"/>
        <file crc="479999080" name="modules/locale/org-netbeans-core_asteroidnetbeans1.jar"/>
        <file crc="4270180368" name="update_tracking/dk-sdu-mmmi-cbse-Asteroid_NetBeans1-branding.xml"/>
    </module_version>
</module>
